jurisdiction,material_category,fee_per_kg_local_currency,currency,effective_from
UK,Plastic,0.21,GBP,2026-01-01
UK,Cardboard/Paper,0.06,GBP,2026-01-01
UK,Glass,0.05,GBP,2026-01-01
UK,Aluminium,0.15,GBP,2026-01-01
UK,Steel,0.10,GBP,2026-01-01
UK,Other,0.25,GBP,2026-01-01
France,Plastic,0.35,EUR,2026-01-01
France,Cardboard/Paper,0.08,EUR,2026-01-01
France,Glass,0.07,EUR,2026-01-01
France,Aluminium,0.20,EUR,2026-01-01
France,Steel,0.12,EUR,2026-01-01
France,Other,0.40,EUR,2026-01-01
Germany,Plastic,0.30,EUR,2026-01-01
Germany,Cardboard/Paper,0.09,EUR,2026-01-01
Germany,Glass,0.06,EUR,2026-01-01
Germany,Aluminium,0.18,EUR,2026-01-01
Germany,Steel,0.11,EUR,2026-01-01
Germany,Other,0.38,EUR,2026-01-01
Spain,Plastic,0.28,EUR,2026-01-01
Spain,Cardboard/Paper,0.07,EUR,2026-01-01
Spain,Glass,0.05,EUR,2026-01-01
Spain,Aluminium,0.16,EUR,2026-01-01
Spain,Steel,0.10,EUR,2026-01-01
Spain,Other,0.33,EUR,2026-01-01
Italy,Plastic,0.32,EUR,2026-01-01
Italy,Cardboard/Paper,0.08,EUR,2026-01-01
Italy,Glass,0.06,EUR,2026-01-01
Italy,Aluminium,0.17,EUR,2026-01-01
Italy,Steel,0.11,EUR,2026-01-01
Italy,Other,0.36,EUR,2026-01-01
Netherlands,Plastic,0.27,EUR,2026-01-01
Netherlands,Cardboard/Paper,0.07,EUR,2026-01-01
Netherlands,Glass,0.05,EUR,2026-01-01
Netherlands,Aluminium,0.15,EUR,2026-01-01
Netherlands,Steel,0.10,EUR,2026-01-01
Netherlands,Other,0.31,EUR,2026-01-01
Belgium,Plastic,0.29,EUR,2026-01-01
Belgium,Cardboard/Paper,0.07,EUR,2026-01-01
Belgium,Glass,0.05,EUR,2026-01-01
Belgium,Aluminium,0.16,EUR,2026-01-01
Belgium,Steel,0.10,EUR,2026-01-01
Belgium,Other,0.34,EUR,2026-01-01
